1668518789,Hoang,999222111,ha noi,1668518686,2022-08-11T04:28:30.559Z
1668519823,Voia,992888333,hue,1668520142,2022-08-11T04:29:00.836Z
1668520763,Khiem,999222888,da nang,1668520143,2022-08-11T04:30:23.488Z
1668526250,Vu,991222999,ca,1668518686,2022-08-11T04:31:02.567Z
1668527914,Nguyen Tinh,911888222,my,1668520143,2022-08-11T04:43:10.672Z
1668554663,Huy,999111222,hue,1668518686,2022-08-11T04:43:28.126Z
1668555310,Vac,0999222888,CAn,1668518686,2022-11-15T23:35:21.824Z
1668686075,Hoang,0999333221,Huáº¿,1668520143,2022-11-17T11:54:58.282Z
1668741598,Hoang,0999222888,Hue,1668519323,2022-11-18T03:20:10.129Z
1668741628,Huy,0999111222,Da Nang,1668519323,2022-11-18T03:20:43.661Z
1668763757,Voia,0919111222,Hue,1668561168,2022-11-18T09:29:30.240Z
